{
  "project_info": {
    "project_number": "181108123348",
    "firebase_url": "https://text-recognition-67a71.firebaseio.com",
    "project_id": "text-recognition-67a71",
    "storage_bucket": "text-recognition-67a71.appspot.com"
  },
  "client": [
    {
      "client_info": {
        "mobilesdk_app_id": "1:181108123348:android:442de1b3105a3ce60f3d41",
        "android_client_info": {
          "package_name": "com.example.textrecognition"
        }
      },
      "oauth_client": [
        {
          "client_id": "181108123348-qqfs5vvmsrrq301gnkf3t56gqf8j3b63.apps.googleusercontent.com",
          "client_type": 3
        }
      ],
      "api_key": [
        {
          "current_key": "AIzaSyCfoSss8AkxNd69sgmI3mBGx5f8HPSCYmU"
        }
      ],
      "services": {
        "appinvite_service": {
          "other_platform_oauth_client": [
            {
              "client_id": "181108123348-qqfs5vvmsrrq301gnkf3t56gqf8j3b63.apps.googleusercontent.com",
              "client_type": 3
            }
          ]
        }
      }
    }
  ],
  "configuration_version": "1"
}